CONFIG_config_id,CONFIG_config_name,CONFIG_config_value,CONFIG_config_status,CONFIG_col_1,CONFIG_col_2,CONFIG_col_3,CONFIG_col_4,CONFIG_col_5,CONFIG_col_6,CONFIG_col_7,CONFIG_col_8,CONFIG_col_9,CONFIG_col_10,CONFIG_col_11,CONFIG_col_12,CONFIG_col_13,CONFIG_col_14,CONFIG_col_15,CONFIG_col_16
800,123,CONFIG_aU5hTbcBz 2P,COMPLETED,598,499,368,CONFIG_ZEUmW,CONFIG_TYtFIcsbRCyvz9BQ,CONFIG_alCzd,1128,1159,294,818,712,1001,893,264,CONFIG_B4giJHMW woR1d,830
792,590,CONFIG_W8AB1,COMPLETED,667,282,202,CONFIG_y46nvViAEj4BV9yP,CONFIG_h97naJ9y,CONFIG_lq8Pauk0Pgi,650,990,227,201,893,566,435,697,CONFIG_qDJz po7rMJrKxO6Xs,1128
289,892,CONFIG_ljX5rVu,PENDING,678,846,553,CONFIG_ts334Oc,CONFIG_6n4yhSc1x,CONFIG_CXGyJTdBH,806,547,904,343,1151,502,792,400,CONFIG_8NBxmAP8JGO3LDOPx7,651
929,475,CONFIG_BCh5Z7d8LR,PROCESSING,747,879,458,CONFIG_R7zpafj9Lw6Tjua4D ,CONFIG_SMe7t8sEbcK4yNgRtu,CONFIG_dC3T3SAAfJ,194,1110,344,916,522,568,829,289,CONFIG_e8rvvUIOQcOnh1,993
221,887,CONFIG_eg4y9pH415fwr,PENDING,301,833,984,CONFIG_ZRnsh5Q7h1,CONFIG_Q4L7xmj5j zA4,CONFIG_x4OWfdKUd5D2J1n,1085,711,487,471,596,633,370,323,CONFIG_kgur,713
109,596,CONFIG_zRKv gLtdjq,COMPLETED,1110,236,815,CONFIG_RYZU2rI2xwaWb0Y,CONFIG_0nchBdAG bIhtriL5,CONFIG_UJno,886,732,502,750,1073,1106,264,401,CONFIG_5O5Wn0NUjLpOr,377
158,907,CONFIG_dz8LqIfX,ACTIVE,205,1157,299,CONFIG_2qBRLmMrANaiZY3,CONFIG_FVCnHccSM7,CONFIG_y0pTwve5itdQhY,296,634,935,858,922,730,688,962,CONFIG_uV9ODDVPycHqS,541
473,232,CONFIG_sfQ5tF5DY2j,ACTIVE,912,564,353,CONFIG_Om4bmXcLbVi2VQS2,CONFIG_pfU5C3XtcbB3XiXIrq,CONFIG_X3P,190,666,786,382,809,265,1096,233,CONFIG_oWmHGAS dy,170
619,145,CONFIG_wiUhnEoFR,PROCESSING,350,398,614,CONFIG_czsxI1Pv4aLV,CONFIG_XbOIN,CONFIG_4qQH1yo,343,247,717,395,547,679,399,694,CONFIG_URWLmeD1JR,617
147,330,CONFIG_YlG,ACTIVE,1064,672,757,CONFIG_P ocOlw,CONFIG_6evfOA6LTUOCkq,CONFIG_LJBR2,855,614,427,829,358,721,343,682,CONFIG_GiA8GYPC4CdsH,946
269,27,CONFIG_ikb,ACTIVE,366,560,189,CONFIG_GRHdJcP,CONFIG_xW19xAmCZD9zH K8tl,CONFIG_paQk6UDk4NGvBazF6,1083,806,1145,879,961,633,1084,729,CONFIG_kvFMOyA,485
459,149,CONFIG_ltgG,COMPLETED,1090,306,743,CONFIG_0myi 4KRg,CONFIG_Tzov,CONFIG_e1cBe0x,868,1140,622,372,1053,541,458,194,CONFIG_EtiVVGs6N,222
894,45,CONFIG_2wKi22mHtNGB,FAILED,920,557,802,CONFIG_k680NeJ,CONFIG_6yZ3TCO,CONFIG_OBPzxMcFvMhOqL,235,290,288,1064,1141,798,488,562,CONFIG_uKrNOKG,390
812,687,CONFIG_J pEm,COMPLETED,499,327,837,CONFIG_9zIy5,CONFIG_045,CONFIG_gznBAaP1EKzg1,1152,1140,1041,489,344,858,1044,963,CONFIG_7rahoHe,1148
133,368,CONFIG_JLl 1CLpwcl,ACTIVE,1076,446,616,CONFIG_8FXcZr6uBCbJWec,CONFIG_XJKjXYbINl5CtuB,CONFIG_gZ1vx,1003,884,257,204,310,1112,424,366,CONFIG_ftLAMitZ4h,771
978,75,CONFIG_urJ,FAILED,179,492,336,CONFIG_tLK,CONFIG_3abqS1Z,CONFIG_Qp5cf9tEgzraAk,511,621,799,596,313,222,778,741,CONFIG_rIYIix1XCULuMc,740
400,323,CONFIG_ f20E6i,FAILED,340,1046,588,CONFIG_yV8Ra,CONFIG_fdhx3,CONFIG_DER,487,953,1105,889,591,583,725,424,CONFIG_JHPorb3K2UBZQZ,645
329,418,CONFIG_ zv5N,PROCESSING,297,826,747,CONFIG_AnSSE7gE3tBWUlA8a,CONFIG_RCoJxs87cybjXy,CONFIG_6U lOi8,338,907,993,265,1105,1155,265,588,CONFIG_xK7xH9u,922
229,309,CONFIG_fSSxRh40TV0,COMPLETED,789,775,360,CONFIG_2TFvkIsEXkLaybB,CONFIG_84kICpn,CONFIG_gpGAN0pSD ,1017,506,493,466,638,337,444,1127,CONFIG_2M6n51SMsILsnYm,448
113,812,CONFIG_AjOEE,PENDING,171,551,326,CONFIG_ytGz5vW,CONFIG_4eYFHMM,CONFIG_HkDVtP76fgiE,493,736,961,1078,913,174,196,934,CONFIG_sjG,1026
821,466,CONFIG_ Ug14tW,PROCESSING,1049,337,645,CONFIG_pOD2WSIRnBPovdSCU,CONFIG_tlTM mEeMLLQE6f3,CONFIG_SAGSr,795,1114,1131,892,945,773,1130,901,CONFIG_EWgIG0a7R4rBpyg,433
414,216,CONFIG_6cz9M0EmE,PENDING,1007,1056,999,CONFIG_aucAIHZmHn9V9,CONFIG_fPCJq00Z1PwN3NHI,CONFIG_0SObj9jPV8Qs K ,1139,869,564,700,234,995,285,1027,CONFIG_gd0zVt2X7VH2 MrM,470
477,750,CONFIG_cY0Swu4V,COMPLETED,243,983,698,CONFIG_X0HVuMq7zo4rN,CONFIG_jyedh9D,CONFIG_5vHQma2LGUdSNjAcL,278,629,930,222,308,516,526,561,CONFIG_cy37,907
482,633,CONFIG_ru6TpQ,FAILED,285,803,766,CONFIG_n6uIh,CONFIG_ZmjHevU,CONFIG_AZKARbc5,727,259,562,938,1013,1073,967,687,CONFIG_YpUY,645
994,922,CONFIG_0P09,FAILED,885,867,555,CONFIG_zZcrIOu,CONFIG_4XpjT,CONFIG_sEo D,729,1058,638,752,1053,669,457,474,CONFIG_2pa,972
463,327,CONFIG_RCEPxq,COMPLETED,1163,758,1002,CONFIG_GYtIh9iwVG9l,CONFIG_5XSk4O2qvcqfC6Bj,CONFIG_rOA 3Hud,618,1150,1046,555,199,347,617,770,CONFIG_xxPrKqCno,686
883,302,CONFIG_ZCnK g,ACTIVE,731,934,945,CONFIG_3QlF6tAeh9STkEHDUH,CONFIG_frHTel,CONFIG_QtW0hAns7,632,535,859,422,1004,1001,439,332,CONFIG_CIgaURU9M1erWC,351
309,302,CONFIG_9qZtSlWkoCQD,PENDING,500,261,646,CONFIG_fbML2Z5U1rw,CONFIG_6EykKBZ,CONFIG_3YqGqusus3,831,1023,666,178,737,897,1015,460,CONFIG_5yjdUrBDULWYMbo,516
839,138,CONFIG_YrCdVOCar,PENDING,413,640,187,CONFIG_ GnpuT2RPixll,CONFIG_NoIsxxjoW,CONFIG_ysXpKCoAuTXJX4q,1029,247,252,1076,231,742,1038,684,CONFIG_Atyfg6Xw,350
914,220,CONFIG_OTKWscbgUL,FAILED,249,616,372,CONFIG_lCIaMVpnDu2B,CONFIG_B85KYFY6egyXFyOr1,CONFIG_eMbKsOolw4 ,927,444,527,1054,628,332,261,310,CONFIG_NddxNwka,989
885,126,CONFIG_cIJ4y4rMGZO,PENDING,499,416,773,CONFIG_nwjhuNjFb,CONFIG_Hpa6OokBUN,CONFIG_PyBhVNAvYbYQk0jzFh,1001,865,638,1091,540,452,169,886,CONFIG_C8rmOa7gxoAL3w9,410
300,38,CONFIG_812FfnP7UY,PENDING,777,431,844,CONFIG_S2JuiCtDPC9J,CONFIG_pXvuLfhW5p,CONFIG_eo8VBHIvi6,960,944,557,199,200,207,439,906,CONFIG_4r8D86Ehs47RO9,650
118,695,CONFIG_6DH9Bcd,PROCESSING,772,985,372,CONFIG_LklfLxj7RI2olm,CONFIG_tobp3Csh,CONFIG_02f0Sst,476,259,306,597,1023,943,986,703,CONFIG_VW7EsgWRW6,901
3,935,CONFIG_xGmk7jcJ1EAm4,ACTIVE,285,736,844,CONFIG_XdlAJv,CONFIG_iCJCRJ5,CONFIG_thHcrFsLy,821,999,961,569,438,404,330,1114,CONFIG_4ZEOi,1011
352,373,CONFIG_wPTUE,ACTIVE,550,198,809,CONFIG_zA3Ff,CONFIG_d5GCLMQ68eFNks4,CONFIG_aFl4yKnk IZse as,294,1133,616,1107,964,673,304,286,CONFIG_xNnuc,804
797,887,CONFIG_YAL8,FAILED,825,545,926,CONFIG_8Jqh6n,CONFIG_m8T8vasz,CONFIG_pQ90iarub1SS,931,783,564,527,764,1065,190,197,CONFIG_hYzKA,187
631,690,CONFIG_I2Zo,PENDING,1053,501,425,CONFIG_CIYw5bBm6Q GXf,CONFIG_ajgqB1X6aiVig6,CONFIG_tATE6MMrIjGYJGu,674,712,297,1003,274,965,809,412,CONFIG_lr3zBbQ6Rsg,652
248,70,CONFIG_kwFeC5i,PROCESSING,634,819,1151,CONFIG_5 PWTMvAxVXalh3f,CONFIG_ISUF GFQ0uDNJqUV,CONFIG_GfswY6hY R,724,490,999,288,1088,363,443,816,CONFIG_6fG4ImutyszTKDZMcg,976
286,82,CONFIG_VUT8DelQ2aAF,ACTIVE,897,852,986,CONFIG_D9C,CONFIG_PpuAzSRqT,CONFIG_lsbo3KlQhCwkPZ8i5R,558,1073,828,904,585,1144,298,986,CONFIG_NMeuVFJg3Os,754
730,261,CONFIG_kkQA,FAILED,776,176,419,CONFIG_W nfkddxBovkZA4,CONFIG_8YHD17,CONFIG_hLWUBrIvtU,482,730,515,659,273,1095,592,503,CONFIG_zFEAAq0xjcVMK 0gaG,1040
923,67,CONFIG_wIYN1 vb,PROCESSING,294,921,676,CONFIG_HKC,CONFIG_fv9z78hYTS,CONFIG_tUbRwiBx,736,814,651,322,991,316,596,592,CONFIG_vjc8SslBozjzi0sxyl,884
399,271,CONFIG_GhvO,PENDING,706,1098,657,CONFIG_aa6sl1MK,CONFIG_8E33y376vKvCyaxmC,CONFIG_RBI1W5VoBhU,702,443,645,1124,926,372,725,424,CONFIG_6hnH9L0dzj  ,297
806,849,CONFIG_5vDrtsold0 qS,PROCESSING,495,994,405,CONFIG_yanb7gvgLWxzqoi,CONFIG_rJqaAGnWmHoKEI0p,CONFIG_3UqM,304,949,307,1100,669,409,771,704,CONFIG_Rc89SwbmUcRXEvr,357
588,204,CONFIG_fkkEb,PROCESSING,874,967,868,CONFIG_cYBoMhldE,CONFIG_EY ,CONFIG_h m8K3n0l,959,227,691,504,665,711,835,559,CONFIG_OhX,271
91,104,CONFIG_XWSzjx,PENDING,365,419,413,CONFIG_PTLk,CONFIG_Ti58jiqP,CONFIG_Z4zoa7eUnvrH6m,213,1013,903,355,1118,633,1150,247,CONFIG_QDE8uG5UdZ,666
545,875,CONFIG_8sN82mzL2kdpx,PROCESSING,579,214,595,CONFIG_s9u3S38mLIYUM,CONFIG_crcJ QmlV,CONFIG_y4RvyItOx,355,532,490,1109,1038,639,1113,496,CONFIG_3VzL4BiHpi9hoLGsqB,605
565,830,CONFIG_irmZsw ,PROCESSING,559,508,955,CONFIG_13xxJPNwUjZPZ,CONFIG_os4w72yfhgf456,CONFIG_hdNRa ,986,1122,770,502,628,179,1108,747,CONFIG_n3bF9J2zOLh,851
279,684,CONFIG_XVKH6DGwKfMX,PROCESSING,1031,1129,925,CONFIG_A5mErl r,CONFIG_RBaD3AVj3Cc,CONFIG_DRbqE6NDq4ytN3smfK,557,653,323,880,662,603,221,703,CONFIG_CpQ3I2xi00ufZTe,567
217,198,CONFIG_pQwFT1x,COMPLETED,405,268,1108,CONFIG_n1vmW4oco77K,CONFIG_hAoRoTZgL,CONFIG_hK taOxG28lTu7,873,249,842,479,581,681,345,198,CONFIG_UM7JAL5m53,420
622,745,CONFIG_cdEv IE,ACTIVE,606,361,312,CONFIG_Ye85yo,CONFIG_zoFn5MKHa01VWt,CONFIG_G84aHVhZiyrrlizp,702,567,340,326,890,753,547,883,CONFIG_N4i4ePF3VizdB,964
943,169,CONFIG_BSjWIMeSGw,FAILED,989,795,269,CONFIG_jqOv6M MK,CONFIG_xAq4yHB84bN,CONFIG_zI3nryl,774,719,631,1093,1089,897,477,780,CONFIG_SQo,845
937,50,CONFIG_yqE,COMPLETED,1007,885,958,CONFIG_Lz8prd BQzODFZlg,CONFIG_Ba58JMtP9EBn,CONFIG_KnvIL1mOTKsw,278,409,759,958,571,874,293,448,CONFIG_92mB,271
168,493,CONFIG_LYXSL,PENDING,552,301,913,CONFIG_nGjX,CONFIG_N8oMyzGUD,CONFIG_cDZpQHVwP9UGKyk4c,609,935,405,268,266,343,489,538,CONFIG_08zOoWxkis9MuT,928
111,498,CONFIG_4dA6,PENDING,639,1163,386,CONFIG_rj5wpcUCsi,CONFIG_qjsSlfpmaA4Zl,CONFIG_hgT L4K3onJO,1128,1059,502,285,817,220,502,853,CONFIG_uZpCt,1022
484,304,CONFIG_1HG4Hk,PROCESSING,692,947,750,CONFIG_ywjGjdAtC4JUm8l,CONFIG_lociFVDecxEUGa,CONFIG_1oEYWdl,189,221,853,201,503,308,215,692,CONFIG_uO9ZG,321
369,717,CONFIG_5BSiAZpijT4T,COMPLETED,992,506,420,CONFIG_N7giycHN,CONFIG_G1kt,CONFIG_vHVCT,1051,230,793,467,502,229,1039,1123,CONFIG_12AfH,269
897,388,CONFIG_kUL2BzXp,PENDING,362,346,601,CONFIG_hGnEpNpVv,CONFIG_7KXSoBhf5,CONFIG_zmPVz QomHaY,621,217,875,601,647,741,319,547,CONFIG_0knf,783
69,720,CONFIG_j82OII5NtY,PROCESSING,517,311,334,CONFIG_F4osfQ,CONFIG_XPNLLgJfgfoWH,CONFIG_e7dI8CpxLG4OQBTE9,382,415,591,1027,380,522,506,609,CONFIG_7HI3ZY6I0,882
269,506,CONFIG_0TVAm9YJ5M,ACTIVE,599,935,990,CONFIG_Q8gjTN zWrvZMGtb,CONFIG_Dl1k3s3ov4K3IXdgeG,CONFIG_Ha R6USeonvk3VF,296,249,301,879,765,897,272,337,CONFIG_dk3fRfB6,295
671,193,CONFIG_WrUl,PROCESSING,189,565,569,CONFIG_LEfW9E0Zr7u5F7swS,CONFIG_c5DwcOKrP,CONFIG_iM3,868,770,404,296,977,642,1116,995,CONFIG_wI2iqbXgmK,832
522,573,CONFIG_AZf7G1R,COMPLETED,640,557,396,CONFIG_TfTi,CONFIG_K4jM4byCGqs43TAJW,CONFIG_hka t,204,547,689,642,753,396,289,216,CONFIG_tEr8o,666
131,392,CONFIG_Mmt2kIOnHj,PENDING,551,288,471,CONFIG_9KQU48rzum B,CONFIG_GGgvJjV5LHDY37F,CONFIG_TqQFJFBxzsFwcrXyn,1013,647,278,330,512,488,329,584,CONFIG_iod8QpCOWgUjjAz,323
674,134,CONFIG_i3a,PROCESSING,381,789,1028,CONFIG_3uYip,CONFIG_Waf8Kf,CONFIG_jKHNiKAcR,477,212,201,430,1049,287,917,1077,CONFIG_PyibWGvWGUc,287
165,618,CONFIG_wEVR09HC0ih,PENDING,365,566,456,CONFIG_OjhoWINamp4,CONFIG_cANPxBMY,CONFIG_TPljjfE5,991,751,795,943,641,263,520,1037,CONFIG_TdNX 4vIL3s,945
304,816,CONFIG_IKt,PROCESSING,407,635,556,CONFIG_gc67s,CONFIG_Xx bgL8IWya,CONFIG_SW8e2zdCuYtSwu253,597,459,582,236,906,977,748,204,CONFIG_fuqv,779
945,364,CONFIG_OFtY86Sn K,ACTIVE,507,780,1075,CONFIG_1yh,CONFIG_zXIOESS,CONFIG_ka8Yysda2,828,331,1073,1058,859,719,528,263,CONFIG_Epbxcegt,817
634,141,CONFIG_CUHBpW5N4Hhe,PROCESSING,346,438,408,CONFIG_LdN52QM,CONFIG_Y9dBoSDUWoMZnSl6 ,CONFIG_S5vOE,796,307,379,898,309,174,957,310,CONFIG_wV6wQMWdlrgV7Ol,404
194,285,CONFIG_yA3n,COMPLETED,1044,749,1091,CONFIG_tLjCXUTEFYotvnK,CONFIG_eqQuNHA9DRAWZOkSL,CONFIG_LidD4LJbWfAJ,807,313,408,794,453,186,437,707,CONFIG_JhtaA0GH U7y4CM1J,481
150,713,CONFIG_YkseLn8aQz6c,ACTIVE,987,975,1158,CONFIG_Tn3 j,CONFIG_jwqjbcU,CONFIG_RNfoYlCyP1,219,527,384,490,1122,1151,500,899,CONFIG_EQONPImBVF8,395
803,708,CONFIG_h5S,FAILED,1145,1105,529,CONFIG_w7HbyJCaOPB,CONFIG_zCvjO9,CONFIG_LekfKtHqpwPQ8FQ,808,629,525,1166,940,381,855,574,CONFIG_RFQj9MTk5s,211
903,644,CONFIG_eymLoUvRv,PROCESSING,1032,998,684,CONFIG_8DkXN0q bzZaHv2RYR,CONFIG_0jOAta6bJJo,CONFIG_GVYXwhhMWi uoZbup,921,996,1060,605,1074,1149,350,427,CONFIG_b6BZeewl,770
176,899,CONFIG_NSXSym0u,PENDING,202,677,325,CONFIG_qhR,CONFIG_kKj,CONFIG_poJChd,740,1158,575,713,616,783,281,177,CONFIG_anKbsgY,236
659,229,CONFIG_cxAZJ6,FAILED,891,1028,1134,CONFIG_TKA1HVUl,CONFIG_KD1KI,CONFIG_thK phh2VQ qMY,631,301,989,995,1138,381,756,918,CONFIG_4D2qFGbvkmg9T9Cdyx,599
516,130,CONFIG_cJTV1i30z,ACTIVE,432,416,1081,CONFIG_ui5,CONFIG_gJrzWb0,CONFIG_uDt3m04fqFF,1104,701,758,641,822,440,222,1149,CONFIG_Rd25xNO aoPDTn46b,579
628,850,CONFIG_vS9WP,PENDING,756,776,280,CONFIG_7ixaWlGlhEom,CONFIG_HO5hzpwxX4as2A,CONFIG_mBP,255,1028,867,217,1091,523,670,1054,CONFIG_us5n35wVLF2rmPU,991
325,351,CONFIG_TTW3qp9eN,ACTIVE,171,1084,836,CONFIG_EikQu9s,CONFIG_jGcf7m0VYc q,CONFIG_uv6vyRU,332,441,1072,444,395,260,285,728,CONFIG_0QvMre2xhT8,315
856,345,CONFIG_iDz63,FAILED,381,522,207,CONFIG_ioIBrrYq2wge2ZcN,CONFIG_XneoYD3A2p5XdH,CONFIG_JOZRs,657,210,261,1041,1131,201,670,552,CONFIG_Kl3J4FsU9aYC4krJ5,883
764,259,CONFIG_sR3fOOJ fGdeZ,PENDING,1052,175,811,CONFIG_Wi5,CONFIG_eVZn,CONFIG_BbNBHiDug,1118,712,240,515,732,782,1084,398,CONFIG_oISE,370
763,547,CONFIG_N3Lov,FAILED,490,175,1116,CONFIG_TZhBk,CONFIG_SdRkovUh8n0DPT,CONFIG_qeQzpmlZFbfGh5p,772,295,875,664,305,742,174,437,CONFIG_dajsKW7GI NjQeTY,1133
952,597,CONFIG_PnWTh ,ACTIVE,866,383,541,CONFIG_Ac9Ji3YlD6hOn3eoK,CONFIG_mjOFZpHee0vW,CONFIG_JNN ,539,593,373,613,580,1031,246,760,CONFIG_Shv,534
107,559,CONFIG_qLM1o,PENDING,651,1094,263,CONFIG_1P 6WEL9pK,CONFIG_VBEwVJkIchUZ,CONFIG_iW4jo6i8T3zoQsZqXE,1063,320,981,1116,1111,213,899,827,CONFIG_rOrBK95Tuithe88oU,449
813,982,CONFIG_58n,COMPLETED,752,434,310,CONFIG_jNQuFfCHxvxYGr,CONFIG_FhFQ,CONFIG_QQP,861,714,184,783,723,1138,472,1043,CONFIG_RkK92OEvGbDm2G783,377
871,88,CONFIG_A3mASMxQ,ACTIVE,471,1015,264,CONFIG_Psj9oEbT54C,CONFIG_NFX,CONFIG_knbZsrOeI2E,679,619,225,930,1028,1130,1094,862,CONFIG_8sUY6CtFBZRAD,878
569,249,CONFIG_Vcbl,PENDING,1037,539,776,CONFIG_uzTyEt0mNRSRkd,CONFIG_8U36d,CONFIG_vY9I8fUmS,326,561,976,497,430,316,742,949,CONFIG_Oh8,819
237,575,CONFIG_6UKFR,PENDING,200,740,902,CONFIG_r2 nk0M7QYPt,CONFIG_aHK8ztRW,CONFIG_EirynSMjSak,1107,515,1148,621,1027,739,749,698,CONFIG_RMEsXaTeS8Xl,735
534,182,CONFIG_pOwz,PENDING,989,1018,688,CONFIG_BlazjcaAEj a3x,CONFIG_zVS04laE4uM6boSfag,CONFIG_LDLPM,763,948,1006,367,1090,455,1119,377,CONFIG_M2bnpIn4F8GCfu1k,520
305,38,CONFIG_msQyM0rApsBgG,ACTIVE,591,707,798,CONFIG_RYOmS,CONFIG_fvLraSHXKGKV,CONFIG_2xl4jSRivxG2KlLSf,1066,306,629,380,880,1045,200,1137,CONFIG_ARvdwikYagSkm15vH,722
599,577,CONFIG_SMD1duIxXr,COMPLETED,496,650,804,CONFIG_owf5,CONFIG_m mmMKEe,CONFIG_3Sm9TixHwCLpYXnt4Q,592,539,466,363,784,368,443,1046,CONFIG_ADc,178
181,148,CONFIG_tKUUsaJiX,PROCESSING,1068,503,1113,CONFIG_V7V,CONFIG_LqeoRIDE33U5hRoFt,CONFIG_LUSqHB333tDvoQu,844,705,606,639,269,209,956,194,CONFIG_o 77ug,482
928,323,CONFIG_Zd4aYO,COMPLETED,729,461,316,CONFIG_gA4K6,CONFIG_15qRhMTG5hgNIXGvx7,CONFIG_gktJs6WI9,820,1117,901,673,933,745,750,581,CONFIG_91hsOGmx,1000
377,607,CONFIG_G4IAnevohT5U,PROCESSING,564,269,1133,CONFIG_4mGafLxHTpr2SO,CONFIG_KQCZKJxinnf1,CONFIG_dqYWYtIxj,872,769,423,333,792,453,1083,250,CONFIG_UAIXy,1072
652,901,CONFIG_nxBsVqBt ,PROCESSING,727,661,691,CONFIG_Hq791hkePGs1qcWJ3,CONFIG_1VB,CONFIG_Nvg RihQy3Mmph,1165,181,304,998,694,457,912,339,CONFIG_h088vnEudX3AfR0x,790
788,428,CONFIG_ZbJs3RRxii,COMPLETED,725,1051,1077,CONFIG_L6Hau,CONFIG_dXrqpf4C u5ck,CONFIG_0UwCS,1091,1166,984,588,1113,436,1137,905,CONFIG_kIC t,854
988,913,CONFIG_pPOwusVOLb0aO,FAILED,263,500,384,CONFIG_I6IbYsNYX7xf9,CONFIG_tIFkdk,CONFIG_J6E,833,604,748,212,560,910,753,530,CONFIG_ZCUyjDUca,602
285,569,CONFIG_S85cWSZUfP,ACTIVE,936,906,897,CONFIG_vYhLYhYBWGO,CONFIG_K by,CONFIG_cK4,627,256,417,1022,743,803,485,294,CONFIG_vVkblNTxB3 J,1077
858,20,CONFIG_NgzhALX,FAILED,580,659,1045,CONFIG_cUBTLI0nqVR,CONFIG_Do3XZfdThjM,CONFIG_1q1XUMF306ilkx,224,709,454,1059,729,590,811,893,CONFIG_8fmqizNH68bDu,498
739,962,CONFIG_moP,COMPLETED,970,1001,1090,CONFIG_0oHHcMsTd8aUH,CONFIG_Lb66ZR,CONFIG_C0hv8TAZWez,970,312,872,897,1029,684,996,1079,CONFIG_ZLnPGvItai,347
864,605,CONFIG_aHXu6,FAILED,899,1100,715,CONFIG_84FDvIT8g57aOW,CONFIG_uihC,CONFIG_VEBU,1159,1077,895,434,398,268,641,204,CONFIG_PpJU8s,223
165,144,CONFIG_ahrNmoG,PENDING,349,652,187,CONFIG_kuhx,CONFIG_k4BmYSCMqI,CONFIG_n5mPHn1d7NnfzbD3bA,822,1151,295,1130,240,250,872,660,CONFIG_UmG17qWw,403
922,630,CONFIG_jf7TdnGu,COMPLETED,881,209,795,CONFIG_N0xX2Ommz5IWl,CONFIG_KRREGg1X,CONFIG_bVxV9fK4skz6T,1033,465,488,187,224,1071,1101,380,CONFIG_cwg qKJI55sx91L,698
